date,users
01.01.2023,1 249
02.01.2023,1 560
03.01.2023,2 481
04.01.2023,2 365
05.01.2023,3 062
06.01.2023,2 241
07.01.2023,1 474
08.01.2023,1 785
09.01.2023,2 597
10.01.2023,2 241
11.01.2023,2 541
12.01.2023,2 363
13.01.2023,2 149
14.01.2023,1 421
15.01.2023,1 638
16.01.2023,2 038
17.01.2023,2 515
18.01.2023,2 520
19.01.2023,2 442
20.01.2023,2 252
21.01.2023,1 363
22.01.2023,1 454
23.01.2023,2 168
24.01.2023,2 164
25.01.2023,2 129
26.01.2023,2 237
27.01.2023,1 801
28.01.2023,1 277
29.01.2023,1 272
30.01.2023,2 302
31.01.2023,2 747
01.02.2023,2 565
02.02.2023,2 476
03.02.2023,2 035
04.02.2023,1 603
05.02.2023,1 681
06.02.2023,2 497
07.02.2023,2 735
08.02.2023,2 427
09.02.2023,2 476
10.02.2023,2 129
11.02.2023,1 320
12.02.2023,1 406
13.02.2023,2 229
14.02.2023,2 022
15.02.2023,2 279
16.02.2023,2 322
17.02.2023,1 887
18.02.2023,1 344
19.02.2023,1 537
20.02.2023,1 953
21.02.2023,2 212
22.02.2023,2 382
23.02.2023,2 330
24.02.2023,1 954
25.02.2023,1 300
26.02.2023,1 537
27.02.2023,2 269
28.02.2023,2 374
01.03.2023,2 132
02.03.2023,2 117
03.03.2023,2 005
04.03.2023,1 361
05.03.2023,1 301
06.03.2023,2 202
07.03.2023,2 174
08.03.2023,2 146
09.03.2023,2 071
10.03.2023,1 991
11.03.2023,1 389
12.03.2023,1 192
13.03.2023,2 224
14.03.2023,2 313
15.03.2023,2 107
16.03.2023,2 117
17.03.2023,1 789
18.03.2023,1 108
19.03.2023,1 242
20.03.2023,2 122
21.03.2023,2 408
22.03.2023,2 261
23.03.2023,2 268
24.03.2023,1 829
25.03.2023,1 145
26.03.2023,1 256
27.03.2023,2 173
28.03.2023,2 194
29.03.2023,2 093
30.03.2023,2 200
31.03.2023,1 778
01.04.2023,1 067
02.04.2023,1 127
03.04.2023,2 011
04.04.2023,2 368
05.04.2023,3 922
06.04.2023,2 770
07.04.2023,2 405
08.04.2023,2 045
09.04.2023,2 168
10.04.2023,3 372
11.04.2023,3 073
12.04.2023,3 290
13.04.2023,2 606
14.04.2023,2 790
15.04.2023,1 985
16.04.2023,1 487
17.04.2023,2 274
18.04.2023,2 944
19.04.2023,2 439
20.04.2023,2 629
21.04.2023,2 879
22.04.2023,1 522
23.04.2023,2 146
24.04.2023,2 869
25.04.2023,2 998
26.04.2023,2 720
27.04.2023,2 558
28.04.2023,2 090
29.04.2023,1 449
30.04.2023,1 452
01.05.2023,2 219
02.05.2023,2 845
03.05.2023,2 504
04.05.2023,2 546
05.05.2023,2 395
06.05.2023,1 841
07.05.2023,1 860
08.05.2023,3 180
09.05.2023,3 057
10.05.2023,3 313
11.05.2023,3 106
12.05.2023,2 350
13.05.2023,1 445
14.05.2023,1 643
15.05.2023,2 596
16.05.2023,2 428
17.05.2023,2 479
18.05.2023,2 602
19.05.2023,2 142
20.05.2023,1 343
21.05.2023,1 524
22.05.2023,2 767
23.05.2023,3 290
24.05.2023,2 905
25.05.2023,2 506
26.05.2023,2 107
27.05.2023,1 307
28.05.2023,1 380
29.05.2023,1 779
30.05.2023,2 512
31.05.2023,2 475
01.06.2023,3 428
